academic_year,provider_slug,download_url,bytes
2023-24,aecc,https://funding.re.ukri.org/files/download/grant-data-tables-2023-to-2024/aecc/grant-data-tables,2962
2023-24,anglia-ruskin-university-higher-education-corporation,https://funding.re.ukri.org/files/download/grant-data-tables-2023-to-2024/anglia-ruskin-university-higher-education-corporation/grant-data-tables,7102
2023-24,arts-london,https://funding.re.ukri.org/files/download/grant-data-tables-2023-to-2024/arts-london/grant-data-tables,3509
2023-24,arts-university-bournemouth,https://funding.re.ukri.org/files/download/grant-data-tables-2023-to-2024/arts-university-bournemouth/grant-data-tables,4041
2023-24,aston-university,https://funding.re.ukri.org/files/download/grant-data-tables-2023-to-2024/aston-university/grant-data-tables,4745
2023-24,bath,https://funding.re.ukri.org/files/download/grant-data-tables-2023-to-2024/bath/grant-data-tables,6238
2023-24,bath-spa-university,https://funding.re.ukri.org/files/download/grant-data-tables-2023-to-2024/bath-spa-university/grant-data-tables,4936
2023-24,bedfordshire,https://funding.re.ukri.org/files/download/grant-data-tables-2023-to-2024/bedfordshire/grant-data-tables,4861
2023-24,birkbeck-university-of-london,https://funding.re.ukri.org/files/download/grant-data-tables-2023-to-2024/birkbeck-university-of-london/grant-data-tables,6527
2023-24,birmingham,https://funding.re.ukri.org/files/download/grant-data-tables-2023-to-2024/birmingham/grant-data-tables,8163
2023-24,birmingham-city-university,https://funding.re.ukri.org/files/download/grant-data-tables-2023-to-2024/birmingham-city-university/grant-data-tables,6008
2023-24,birmingham-newman-university,https://funding.re.ukri.org/files/download/grant-data-tables-2023-to-2024/birmingham-newman-university/grant-data-tables,3672
2023-24,bishop-grosseteste-university,https://funding.re.ukri.org/files/download/grant-data-tables-2023-to-2024/bishop-grosseteste-university/grant-data-tables,4005
2023-24,bolton,https://funding.re.ukri.org/files/download/grant-data-tables-2023-to-2024/bolton/grant-data-tables,3953
2023-24,bournemouth-university,https://funding.re.ukri.org/files/download/grant-data-tables-2023-to-2024/bournemouth-university/grant-data-tables,6067
2023-24,bradford,https://funding.re.ukri.org/files/download/grant-data-tables-2023-to-2024/bradford/grant-data-tables,4700
2023-24,brighton,https://funding.re.ukri.org/files/download/grant-data-tables-2023-to-2024/brighton/grant-data-tables,5235
2023-24,bristol,https://funding.re.ukri.org/files/download/grant-data-tables-2023-to-2024/bristol/grant-data-tables,8809
2023-24,brunel-university-london,https://funding.re.ukri.org/files/download/grant-data-tables-2023-to-2024/brunel-university-london/grant-data-tables,6744
2023-24,buckinghamshire-new-university,https://funding.re.ukri.org/files/download/grant-data-tables-2023-to-2024/buckinghamshire-new-university/grant-data-tables,4410
2023-24,cambridge,https://funding.re.ukri.org/files/download/grant-data-tables-2023-to-2024/cambridge/grant-data-tables,8852
2023-24,canterbury-christ-church-university,https://funding.re.ukri.org/files/download/grant-data-tables-2023-to-2024/canterbury-christ-church-university/grant-data-tables,6107
2023-24,chester,https://funding.re.ukri.org/files/download/grant-data-tables-2023-to-2024/chester/grant-data-tables,6069
2023-24,chichester,https://funding.re.ukri.org/files/download/grant-data-tables-2023-to-2024/chichester/grant-data-tables,4524
2023-24,city-university-of-london,https://funding.re.ukri.org/files/download/grant-data-tables-2023-to-2024/city-university-of-london/grant-data-tables,6258
2023-24,courtauld-institute-of-art,https://funding.re.ukri.org/files/download/grant-data-tables-2023-to-2024/courtauld-institute-of-art/grant-data-tables,3674
2023-24,coventry-university,https://funding.re.ukri.org/files/download/grant-data-tables-2023-to-2024/coventry-university/grant-data-tables,5445
2023-24,cranfield-university,https://funding.re.ukri.org/files/download/grant-data-tables-2023-to-2024/cranfield-university/grant-data-tables,4104
2023-24,cumbria,https://funding.re.ukri.org/files/download/grant-data-tables-2023-to-2024/cumbria/grant-data-tables,4154
2023-24,de-montfort-university,https://funding.re.ukri.org/files/download/grant-data-tables-2023-to-2024/de-montfort-university/grant-data-tables,6005
2023-24,derby,https://funding.re.ukri.org/files/download/grant-data-tables-2023-to-2024/derby/grant-data-tables,4935
2023-24,durham-university,https://funding.re.ukri.org/files/download/grant-data-tables-2023-to-2024/durham-university/grant-data-tables,8390
2023-24,east-london,https://funding.re.ukri.org/files/download/grant-data-tables-2023-to-2024/east-london/grant-data-tables,5810
2023-24,edge-hill-university,https://funding.re.ukri.org/files/download/grant-data-tables-2023-to-2024/edge-hill-university/grant-data-tables,5614
2023-24,essex,https://funding.re.ukri.org/files/download/grant-data-tables-2023-to-2024/essex/grant-data-tables,6222
2023-24,exeter,https://funding.re.ukri.org/files/download/grant-data-tables-2023-to-2024/exeter/grant-data-tables,10062
2023-24,falmouth-university,https://funding.re.ukri.org/files/download/grant-data-tables-2023-to-2024/falmouth-university/grant-data-tables,4020
2023-24,gloucestershire,https://funding.re.ukri.org/files/download/grant-data-tables-2023-to-2024/gloucestershire/grant-data-tables,5252
2023-24,goldsmiths-university-of-london,https://funding.re.ukri.org/files/download/grant-data-tables-2023-to-2024/goldsmiths-university-of-london/grant-data-tables,6653
2023-24,greenwich,https://funding.re.ukri.org/files/download/grant-data-tables-2023-to-2024/greenwich/grant-data-tables,5606
2023-24,guildhall-school-of-music-and-drama,https://funding.re.ukri.org/files/download/grant-data-tables-2023-to-2024/guildhall-school-of-music-and-drama/grant-data-tables,4075
2023-24,harper-adams-university,https://funding.re.ukri.org/files/download/grant-data-tables-2023-to-2024/harper-adams-university/grant-data-tables,3948
2023-24,hartpury-university,https://funding.re.ukri.org/files/download/grant-data-tables-2023-to-2024/hartpury-university/grant-data-tables,3443
2023-24,hertfordshire,https://funding.re.ukri.org/files/download/grant-data-tables-2023-to-2024/hertfordshire/grant-data-tables,5537
2023-24,huddersfield,https://funding.re.ukri.org/files/download/grant-data-tables-2023-to-2024/huddersfield/grant-data-tables,6781
2023-24,hull,https://funding.re.ukri.org/files/download/grant-data-tables-2023-to-2024/hull/grant-data-tables,5739
2023-24,imperial-college-london,https://funding.re.ukri.org/files/download/grant-data-tables-2023-to-2024/imperial-college-london/grant-data-tables,6135
2023-24,institute-of-cancer-research,https://funding.re.ukri.org/files/download/grant-data-tables-2023-to-2024/institute-of-cancer-research/grant-data-tables,4205
2023-24,keele-university,https://funding.re.ukri.org/files/download/grant-data-tables-2023-to-2024/keele-university/grant-data-tables,6238
2023-24,kent,https://funding.re.ukri.org/files/download/grant-data-tables-2023-to-2024/kent/grant-data-tables,7513
2023-24,kings-college-london,https://funding.re.ukri.org/files/download/grant-data-tables-2023-to-2024/kings-college-london/grant-data-tables,8503
2023-24,kingston-university,https://funding.re.ukri.org/files/download/grant-data-tables-2023-to-2024/kingston-university/grant-data-tables,5631
2023-24,lamda,https://funding.re.ukri.org/files/download/grant-data-tables-2023-to-2024/lamda/grant-data-tables,2772
2023-24,lancaster-university,https://funding.re.ukri.org/files/download/grant-data-tables-2023-to-2024/lancaster-university/grant-data-tables,6562
2023-24,leeds,https://funding.re.ukri.org/files/download/grant-data-tables-2023-to-2024/leeds/grant-data-tables,8313
2023-24,leeds-arts-university,https://funding.re.ukri.org/files/download/grant-data-tables-2023-to-2024/leeds-arts-university/grant-data-tables,3425
2023-24,leeds-beckett-university,https://funding.re.ukri.org/files/download/grant-data-tables-2023-to-2024/leeds-beckett-university/grant-data-tables,6181
2023-24,leeds-trinity-university,https://funding.re.ukri.org/files/download/grant-data-tables-2023-to-2024/leeds-trinity-university/grant-data-tables,4109
2023-24,leicester,https://funding.re.ukri.org/files/download/grant-data-tables-2023-to-2024/leicester/grant-data-tables,7010
2023-24,lincoln,https://funding.re.ukri.org/files/download/grant-data-tables-2023-to-2024/lincoln/grant-data-tables,6789
2023-24,liverpool,https://funding.re.ukri.org/files/download/grant-data-tables-2023-to-2024/liverpool/grant-data-tables,7515
2023-24,liverpool-hope-university,https://funding.re.ukri.org/files/download/grant-data-tables-2023-to-2024/liverpool-hope-university/grant-data-tables,5303
2023-24,liverpool-john-moores-university,https://funding.re.ukri.org/files/download/grant-data-tables-2023-to-2024/liverpool-john-moores-university/grant-data-tables,6711
2023-24,liverpool-school-of-tropical-medicine,https://funding.re.ukri.org/files/download/grant-data-tables-2023-to-2024/liverpool-school-of-tropical-medicine/grant-data-tables,4679
2023-24,london-business-school,https://funding.re.ukri.org/files/download/grant-data-tables-2023-to-2024/london-business-school/grant-data-tables,3661
2023-24,london-metropolitan-university,https://funding.re.ukri.org/files/download/grant-data-tables-2023-to-2024/london-metropolitan-university/grant-data-tables,4910
2023-24,london-school-of-economics-and-political-science,https://funding.re.ukri.org/files/download/grant-data-tables-2023-to-2024/london-school-of-economics-and-political-science/grant-data-tables,7031
2023-24,london-school-of-hygiene-and-tropical-medicine,https://funding.re.ukri.org/files/download/grant-data-tables-2023-to-2024/london-school-of-hygiene-and-tropical-medicine/grant-data-tables,4605
2023-24,loughborough-university,https://funding.re.ukri.org/files/download/grant-data-tables-2023-to-2024/loughborough-university/grant-data-tables,6570
2023-24,lsbu,https://funding.re.ukri.org/files/download/grant-data-tables-2023-to-2024/lsbu/grant-data-tables,4691
2023-24,manchester,https://funding.re.ukri.org/files/download/grant-data-tables-2023-to-2024/manchester/grant-data-tables,8852
2023-24,manchester-metropolitan-university,https://funding.re.ukri.org/files/download/grant-data-tables-2023-to-2024/manchester-metropolitan-university/grant-data-tables,6165
2023-24,metanoia-institute,https://funding.re.ukri.org/files/download/grant-data-tables-2023-to-2024/metanoia-institute/grant-data-tables,3151
2023-24,middlesex-university,https://funding.re.ukri.org/files/download/grant-data-tables-2023-to-2024/middlesex-university/grant-data-tables,5973
2023-24,national-film-and-television-school,https://funding.re.ukri.org/files/download/grant-data-tables-2023-to-2024/national-film-and-television-school/grant-data-tables,3547
2023-24,newcastle-university,https://funding.re.ukri.org/files/download/grant-data-tables-2023-to-2024/newcastle-university/grant-data-tables,8376
2023-24,northampton,https://funding.re.ukri.org/files/download/grant-data-tables-2023-to-2024/northampton/grant-data-tables,4984
2023-24,northumbria-university,https://funding.re.ukri.org/files/download/grant-data-tables-2023-to-2024/northumbria-university/grant-data-tables,6752
2023-24,norwich-university-of-the-arts,https://funding.re.ukri.org/files/download/grant-data-tables-2023-to-2024/norwich-university-of-the-arts/grant-data-tables,3709
2023-24,nottingham-the,https://funding.re.ukri.org/files/download/grant-data-tables-2023-to-2024/nottingham-the/grant-data-tables,9636
2023-24,nottingham-trent-university,https://funding.re.ukri.org/files/download/grant-data-tables-2023-to-2024/nottingham-trent-university/grant-data-tables,6284
2023-24,open-university,https://funding.re.ukri.org/files/download/grant-data-tables-2023-to-2024/open-university/grant-data-tables,7162
2023-24,oxford-brookes-university,https://funding.re.ukri.org/files/download/grant-data-tables-2023-to-2024/oxford-brookes-university/grant-data-tables,6350
2023-24,oxford-university,https://funding.re.ukri.org/files/download/grant-data-tables-2023-to-2024/oxford-university/grant-data-tables,9042
2023-24,plymouth,https://funding.re.ukri.org/files/download/grant-data-tables-2023-to-2024/plymouth/grant-data-tables,6468
2023-24,plymouth-marjon-university,https://funding.re.ukri.org/files/download/grant-data-tables-2023-to-2024/plymouth-marjon-university/grant-data-tables,3759
2023-24,portsmouth,https://funding.re.ukri.org/files/download/grant-data-tables-2023-to-2024/portsmouth/grant-data-tables,6281
2023-24,queen-mary-university-of-london,https://funding.re.ukri.org/files/download/grant-data-tables-2023-to-2024/queen-mary-university-of-london/grant-data-tables,8193
2023-24,ravensbourne-university-london,https://funding.re.ukri.org/files/download/grant-data-tables-2023-to-2024/ravensbourne-university-london/grant-data-tables,3591
2023-24,reading,https://funding.re.ukri.org/files/download/grant-data-tables-2023-to-2024/reading/grant-data-tables,7698
2023-24,roehampton,https://funding.re.ukri.org/files/download/grant-data-tables-2023-to-2024/roehampton/grant-data-tables,5446
2023-24,rose-bruford-college-of-theatre-and-performance,https://funding.re.ukri.org/files/download/grant-data-tables-2023-to-2024/rose-bruford-college-of-theatre-and-performance/grant-data-tables,3992
2023-24,royal-academy-of-dramatic-art,https://funding.re.ukri.org/files/download/grant-data-tables-2023-to-2024/royal-academy-of-dramatic-art/grant-data-tables,3396
2023-24,royal-academy-of-music,https://funding.re.ukri.org/files/download/grant-data-tables-2023-to-2024/royal-academy-of-music/grant-data-tables,3543
2023-24,royal-agricultural-university,https://funding.re.ukri.org/files/download/grant-data-tables-2023-to-2024/royal-agricultural-university/grant-data-tables,3864
2023-24,royal-central-school-of-speech-and-drama,https://funding.re.ukri.org/files/download/grant-data-tables-2023-to-2024/royal-central-school-of-speech-and-drama/grant-data-tables,4109
2023-24,royal-college-of-art,https://funding.re.ukri.org/files/download/grant-data-tables-2023-to-2024/royal-college-of-art/grant-data-tables,3676
2023-24,royal-college-of-music,https://funding.re.ukri.org/files/download/grant-data-tables-2023-to-2024/royal-college-of-music/grant-data-tables,3697
2023-24,royal-holloway-university-of-london,https://funding.re.ukri.org/files/download/grant-data-tables-2023-to-2024/royal-holloway-university-of-london/grant-data-tables,8150
2023-24,royal-northern-college-of-music,https://funding.re.ukri.org/files/download/grant-data-tables-2023-to-2024/royal-northern-college-of-music/grant-data-tables,3904
2023-24,royal-veterinary-college,https://funding.re.ukri.org/files/download/grant-data-tables-2023-to-2024/royal-veterinary-college/grant-data-tables,3962
2023-24,salford,https://funding.re.ukri.org/files/download/grant-data-tables-2023-to-2024/salford/grant-data-tables,5321
2023-24,school-of-oriental-and-african-studies,https://funding.re.ukri.org/files/download/grant-data-tables-2023-to-2024/school-of-oriental-and-african-studies/grant-data-tables,6298
2023-24,sheffield,https://funding.re.ukri.org/files/download/grant-data-tables-2023-to-2024/sheffield/grant-data-tables,8022
2023-24,sheffield-hallam-university,https://funding.re.ukri.org/files/download/grant-data-tables-2023-to-2024/sheffield-hallam-university/grant-data-tables,6340
2023-24,solent-university,https://funding.re.ukri.org/files/download/grant-data-tables-2023-to-2024/solent-university/grant-data-tables,3761
2023-24,southampton,https://funding.re.ukri.org/files/download/grant-data-tables-2023-to-2024/southampton/grant-data-tables,7780
2023-24,st-georges-university-of-london,https://funding.re.ukri.org/files/download/grant-data-tables-2023-to-2024/st-georges-university-of-london/grant-data-tables,4181
2023-24,st-marys-university-twickenham-london,https://funding.re.ukri.org/files/download/grant-data-tables-2023-to-2024/st-marys-university-twickenham-london/grant-data-tables,4740
2023-24,staffordshire-university,https://funding.re.ukri.org/files/download/grant-data-tables-2023-to-2024/staffordshire-university/grant-data-tables,4862
2023-24,suffolk,https://funding.re.ukri.org/files/download/grant-data-tables-2023-to-2024/suffolk/grant-data-tables,3191
2023-24,sunderland,https://funding.re.ukri.org/files/download/grant-data-tables-2023-to-2024/sunderland/grant-data-tables,4832
2023-24,surrey,https://funding.re.ukri.org/files/download/grant-data-tables-2023-to-2024/surrey/grant-data-tables,5798
2023-24,sussex,https://funding.re.ukri.org/files/download/grant-data-tables-2023-to-2024/sussex/grant-data-tables,7535
2023-24,teesside-university,https://funding.re.ukri.org/files/download/grant-data-tables-2023-to-2024/teesside-university/grant-data-tables,4444
2023-24,the-place,https://funding.re.ukri.org/files/download/grant-data-tables-2023-to-2024/the-place/grant-data-tables,2866
2023-24,trinity-laban-conservatoire-of-music-and-dance,https://funding.re.ukri.org/files/download/grant-data-tables-2023-to-2024/trinity-laban-conservatoire-of-music-and-dance/grant-data-tables,4298
2023-24,ucl,https://funding.re.ukri.org/files/download/grant-data-tables-2023-to-2024/ucl/grant-data-tables,9241
2023-24,uclan,https://funding.re.ukri.org/files/download/grant-data-tables-2023-to-2024/uclan/grant-data-tables,6358
2023-24,uea,https://funding.re.ukri.org/files/download/grant-data-tables-2023-to-2024/uea/grant-data-tables,7061
2023-24,university-college-of-osteopathy,https://funding.re.ukri.org/files/download/grant-data-tables-2023-to-2024/university-college-of-osteopathy/grant-data-tables,3558
2023-24,university-for-the-creative-arts,https://funding.re.ukri.org/files/download/grant-data-tables-2023-to-2024/university-for-the-creative-arts/grant-data-tables,3791
2023-24,uwe,https://funding.re.ukri.org/files/download/grant-data-tables-2023-to-2024/uwe/grant-data-tables,5470
2023-24,warwick,https://funding.re.ukri.org/files/download/grant-data-tables-2023-to-2024/warwick/grant-data-tables,7193
2023-24,west-london,https://funding.re.ukri.org/files/download/grant-data-tables-2023-to-2024/west-london/grant-data-tables,4608
2023-24,westminster,https://funding.re.ukri.org/files/download/grant-data-tables-2023-to-2024/westminster/grant-data-tables,5951
2023-24,winchester,https://funding.re.ukri.org/files/download/grant-data-tables-2023-to-2024/winchester/grant-data-tables,5123
2023-24,wolverhampton,https://funding.re.ukri.org/files/download/grant-data-tables-2023-to-2024/wolverhampton/grant-data-tables,6224
2023-24,worcester,https://funding.re.ukri.org/files/download/grant-data-tables-2023-to-2024/worcester/grant-data-tables,5089
2023-24,york,https://funding.re.ukri.org/files/download/grant-data-tables-2023-to-2024/york/grant-data-tables,7246
2023-24,york-st-john-university,https://funding.re.ukri.org/files/download/grant-data-tables-2023-to-2024/york-st-john-university/grant-data-tables,5571
2024-25,anglia-ruskin-university-higher-education-corporation,https://funding.re.ukri.org/files/download/grant-data-tables-2024-to-2025/anglia-ruskin-university-higher-education-corporation/grant-data-tables,6212
2024-25,arts-london,https://funding.re.ukri.org/files/download/grant-data-tables-2024-to-2025/arts-london/grant-data-tables,3332
2024-25,arts-university-bournemouth,https://funding.re.ukri.org/files/download/grant-data-tables-2024-to-2025/arts-university-bournemouth/grant-data-tables,3792
2024-25,aston-university,https://funding.re.ukri.org/files/download/grant-data-tables-2024-to-2025/aston-university/grant-data-tables,4293
2024-25,bath,https://funding.re.ukri.org/files/download/grant-data-tables-2024-to-2025/bath/grant-data-tables,4851
2024-25,bath-spa-university,https://funding.re.ukri.org/files/download/grant-data-tables-2024-to-2025/bath-spa-university/grant-data-tables,4493
2024-25,bedfordshire,https://funding.re.ukri.org/files/download/grant-data-tables-2024-to-2025/bedfordshire/grant-data-tables,4257
2024-25,birkbeck-university-of-london,https://funding.re.ukri.org/files/download/grant-data-tables-2024-to-2025/birkbeck-university-of-london/grant-data-tables,5760
2024-25,birmingham,https://funding.re.ukri.org/files/download/grant-data-tables-2024-to-2025/birmingham/grant-data-tables,6850
2024-25,birmingham-city-university,https://funding.re.ukri.org/files/download/grant-data-tables-2024-to-2025/birmingham-city-university/grant-data-tables,5180
2024-25,birmingham-newman-university,https://funding.re.ukri.org/files/download/grant-data-tables-2024-to-2025/birmingham-newman-university/grant-data-tables,3808
2024-25,bishop-grosseteste-university,https://funding.re.ukri.org/files/download/grant-data-tables-2024-to-2025/bishop-grosseteste-university/grant-data-tables,3794
2024-25,bolton,https://funding.re.ukri.org/files/download/grant-data-tables-2024-to-2025/bolton/grant-data-tables,3470
2024-25,bournemouth-university,https://funding.re.ukri.org/files/download/grant-data-tables-2024-to-2025/bournemouth-university/grant-data-tables,5260
2024-25,bradford,https://funding.re.ukri.org/files/download/grant-data-tables-2024-to-2025/bradford/grant-data-tables,4179
2024-25,brighton,https://funding.re.ukri.org/files/download/grant-data-tables-2024-to-2025/brighton/grant-data-tables,4596
2024-25,bristol,https://funding.re.ukri.org/files/download/grant-data-tables-2024-to-2025/bristol/grant-data-tables,6782
2024-25,brunel-university-london,https://funding.re.ukri.org/files/download/grant-data-tables-2024-to-2025/brunel-university-london/grant-data-tables,5884
2024-25,buckinghamshire-new-university,https://funding.re.ukri.org/files/download/grant-data-tables-2024-to-2025/buckinghamshire-new-university/grant-data-tables,4030
2024-25,cambridge,https://funding.re.ukri.org/files/download/grant-data-tables-2024-to-2025/cambridge/grant-data-tables,7447
2024-25,canterbury-christ-church-university,https://funding.re.ukri.org/files/download/grant-data-tables-2024-to-2025/canterbury-christ-church-university/grant-data-tables,5374
2024-25,chester,https://funding.re.ukri.org/files/download/grant-data-tables-2024-to-2025/chester/grant-data-tables,5095
2024-25,chichester,https://funding.re.ukri.org/files/download/grant-data-tables-2024-to-2025/chichester/grant-data-tables,3935
2024-25,city-university-of-london,https://funding.re.ukri.org/files/download/grant-data-tables-2024-to-2025/city-university-of-london/grant-data-tables,5812
2024-25,courtauld-institute-of-art,https://funding.re.ukri.org/files/download/grant-data-tables-2024-to-2025/courtauld-institute-of-art/grant-data-tables,3503
2024-25,coventry-university,https://funding.re.ukri.org/files/download/grant-data-tables-2024-to-2025/coventry-university/grant-data-tables,4828
2024-25,cranfield-university,https://funding.re.ukri.org/files/download/grant-data-tables-2024-to-2025/cranfield-university/grant-data-tables,3821
2024-25,cumbria,https://funding.re.ukri.org/files/download/grant-data-tables-2024-to-2025/cumbria/grant-data-tables,3713
2024-25,de-montfort-university,https://funding.re.ukri.org/files/download/grant-data-tables-2024-to-2025/de-montfort-university/grant-data-tables,5206
2024-25,derby,https://funding.re.ukri.org/files/download/grant-data-tables-2024-to-2025/derby/grant-data-tables,4286
2024-25,durham-university,https://funding.re.ukri.org/files/download/grant-data-tables-2024-to-2025/durham-university/grant-data-tables,6444
2024-25,east-london,https://funding.re.ukri.org/files/download/grant-data-tables-2024-to-2025/east-london/grant-data-tables,4974
2024-25,edge-hill-university,https://funding.re.ukri.org/files/download/grant-data-tables-2024-to-2025/edge-hill-university/grant-data-tables,4879
2024-25,essex,https://funding.re.ukri.org/files/download/grant-data-tables-2024-to-2025/essex/grant-data-tables,5332
2024-25,exeter,https://funding.re.ukri.org/files/download/grant-data-tables-2024-to-2025/exeter/grant-data-tables,6643
2024-25,falmouth-university,https://funding.re.ukri.org/files/download/grant-data-tables-2024-to-2025/falmouth-university/grant-data-tables,3356
2024-25,gloucestershire,https://funding.re.ukri.org/files/download/grant-data-tables-2024-to-2025/gloucestershire/grant-data-tables,4510
2024-25,goldsmiths-university-of-london,https://funding.re.ukri.org/files/download/grant-data-tables-2024-to-2025/goldsmiths-university-of-london/grant-data-tables,5875
2024-25,greenwich,https://funding.re.ukri.org/files/download/grant-data-tables-2024-to-2025/greenwich/grant-data-tables,4987
2024-25,guildhall-school-of-music-and-drama,https://funding.re.ukri.org/files/download/grant-data-tables-2024-to-2025/guildhall-school-of-music-and-drama/grant-data-tables,3887
2024-25,harper-adams-university,https://funding.re.ukri.org/files/download/grant-data-tables-2024-to-2025/harper-adams-university/grant-data-tables,3524
2024-25,hartpury-university,https://funding.re.ukri.org/files/download/grant-data-tables-2024-to-2025/hartpury-university/grant-data-tables,3261
2024-25,health-sciences-university,https://funding.re.ukri.org/files/download/grant-data-tables-2024-to-2025/health-sciences-university/grant-data-tables,3388
2024-25,hertfordshire,https://funding.re.ukri.org/files/download/grant-data-tables-2024-to-2025/hertfordshire/grant-data-tables,4852
2024-25,huddersfield,https://funding.re.ukri.org/files/download/grant-data-tables-2024-to-2025/huddersfield/grant-data-tables,5769
2024-25,hull,https://funding.re.ukri.org/files/download/grant-data-tables-2024-to-2025/hull/grant-data-tables,4916
2024-25,imperial-college-london,https://funding.re.ukri.org/files/download/grant-data-tables-2024-to-2025/imperial-college-london/grant-data-tables,5182
2024-25,institute-of-cancer-research,https://funding.re.ukri.org/files/download/grant-data-tables-2024-to-2025/institute-of-cancer-research/grant-data-tables,3910
2024-25,keele-university,https://funding.re.ukri.org/files/download/grant-data-tables-2024-to-2025/keele-university/grant-data-tables,5345
2024-25,kent,https://funding.re.ukri.org/files/download/grant-data-tables-2024-to-2025/kent/grant-data-tables,6260
2024-25,kings-college-london,https://funding.re.ukri.org/files/download/grant-data-tables-2024-to-2025/kings-college-london/grant-data-tables,7297
2024-25,kingston-university,https://funding.re.ukri.org/files/download/grant-data-tables-2024-to-2025/kingston-university/grant-data-tables,4967
2024-25,lamda,https://funding.re.ukri.org/files/download/grant-data-tables-2024-to-2025/lamda/grant-data-tables,2641
2024-25,lancaster-university,https://funding.re.ukri.org/files/download/grant-data-tables-2024-to-2025/lancaster-university/grant-data-tables,5664
2024-25,leeds,https://funding.re.ukri.org/files/download/grant-data-tables-2024-to-2025/leeds/grant-data-tables,6910
2024-25,leeds-arts-university,https://funding.re.ukri.org/files/download/grant-data-tables-2024-to-2025/leeds-arts-university/grant-data-tables,3290
2024-25,leeds-beckett-university,https://funding.re.ukri.org/files/download/grant-data-tables-2024-to-2025/leeds-beckett-university/grant-data-tables,5292
2024-25,leeds-trinity-university,https://funding.re.ukri.org/files/download/grant-data-tables-2024-to-2025/leeds-trinity-university/grant-data-tables,3730
2024-25,leicester,https://funding.re.ukri.org/files/download/grant-data-tables-2024-to-2025/leicester/grant-data-tables,5943
2024-25,lincoln,https://funding.re.ukri.org/files/download/grant-data-tables-2024-to-2025/lincoln/grant-data-tables,5713
2024-25,liverpool,https://funding.re.ukri.org/files/download/grant-data-tables-2024-to-2025/liverpool/grant-data-tables,6361
2024-25,liverpool-hope-university,https://funding.re.ukri.org/files/download/grant-data-tables-2024-to-2025/liverpool-hope-university/grant-data-tables,4706
2024-25,liverpool-john-moores-university,https://funding.re.ukri.org/files/download/grant-data-tables-2024-to-2025/liverpool-john-moores-university/grant-data-tables,5827
2024-25,liverpool-school-of-tropical-medicine,https://funding.re.ukri.org/files/download/grant-data-tables-2024-to-2025/liverpool-school-of-tropical-medicine/grant-data-tables,4119
2024-25,london-business-school,https://funding.re.ukri.org/files/download/grant-data-tables-2024-to-2025/london-business-school/grant-data-tables,3490
2024-25,london-metropolitan-university,https://funding.re.ukri.org/files/download/grant-data-tables-2024-to-2025/london-metropolitan-university/grant-data-tables,4433
2024-25,london-school-of-economics-and-political-science,https://funding.re.ukri.org/files/download/grant-data-tables-2024-to-2025/london-school-of-economics-and-political-science/grant-data-tables,6320
2024-25,london-school-of-hygiene-and-tropical-medicine,https://funding.re.ukri.org/files/download/grant-data-tables-2024-to-2025/london-school-of-hygiene-and-tropical-medicine/grant-data-tables,4406
2024-25,loughborough-university,https://funding.re.ukri.org/files/download/grant-data-tables-2024-to-2025/loughborough-university/grant-data-tables,5696
2024-25,lsbu,https://funding.re.ukri.org/files/download/grant-data-tables-2024-to-2025/lsbu/grant-data-tables,4170
2024-25,manchester,https://funding.re.ukri.org/files/download/grant-data-tables-2024-to-2025/manchester/grant-data-tables,7328
2024-25,manchester-metropolitan-university,https://funding.re.ukri.org/files/download/grant-data-tables-2024-to-2025/manchester-metropolitan-university/grant-data-tables,5498
2024-25,metanoia-institute,https://funding.re.ukri.org/files/download/grant-data-tables-2024-to-2025/metanoia-institute/grant-data-tables,3020
2024-25,middlesex-university,https://funding.re.ukri.org/files/download/grant-data-tables-2024-to-2025/middlesex-university/grant-data-tables,5241
2024-25,national-film-and-television-school,https://funding.re.ukri.org/files/download/grant-data-tables-2024-to-2025/national-film-and-television-school/grant-data-tables,3412
2024-25,newcastle-university,https://funding.re.ukri.org/files/download/grant-data-tables-2024-to-2025/newcastle-university/grant-data-tables,7040
2024-25,northampton,https://funding.re.ukri.org/files/download/grant-data-tables-2024-to-2025/northampton/grant-data-tables,4369
2024-25,northumbria-university,https://funding.re.ukri.org/files/download/grant-data-tables-2024-to-2025/northumbria-university/grant-data-tables,5358
2024-25,norwich-university-of-the-arts,https://funding.re.ukri.org/files/download/grant-data-tables-2024-to-2025/norwich-university-of-the-arts/grant-data-tables,3533
2024-25,nottingham-the,https://funding.re.ukri.org/files/download/grant-data-tables-2024-to-2025/nottingham-the/grant-data-tables,7318
2024-25,nottingham-trent-university,https://funding.re.ukri.org/files/download/grant-data-tables-2024-to-2025/nottingham-trent-university/grant-data-tables,5475
2024-25,open-university,https://funding.re.ukri.org/files/download/grant-data-tables-2024-to-2025/open-university/grant-data-tables,6076
2024-25,oxford-brookes-university,https://funding.re.ukri.org/files/download/grant-data-tables-2024-to-2025/oxford-brookes-university/grant-data-tables,5521
2024-25,oxford-university,https://funding.re.ukri.org/files/download/grant-data-tables-2024-to-2025/oxford-university/grant-data-tables,7638
2024-25,plymouth,https://funding.re.ukri.org/files/download/grant-data-tables-2024-to-2025/plymouth/grant-data-tables,5475
2024-25,plymouth-marjon-university,https://funding.re.ukri.org/files/download/grant-data-tables-2024-to-2025/plymouth-marjon-university/grant-data-tables,3524
2024-25,portsmouth,https://funding.re.ukri.org/files/download/grant-data-tables-2024-to-2025/portsmouth/grant-data-tables,5407
2024-25,queen-mary-university-of-london,https://funding.re.ukri.org/files/download/grant-data-tables-2024-to-2025/queen-mary-university-of-london/grant-data-tables,6722
2024-25,ravensbourne-university-london,https://funding.re.ukri.org/files/download/grant-data-tables-2024-to-2025/ravensbourne-university-london/grant-data-tables,3456
2024-25,reading,https://funding.re.ukri.org/files/download/grant-data-tables-2024-to-2025/reading/grant-data-tables,6116
2024-25,roehampton,https://funding.re.ukri.org/files/download/grant-data-tables-2024-to-2025/roehampton/grant-data-tables,4798
2024-25,rose-bruford-college-of-theatre-and-performance,https://funding.re.ukri.org/files/download/grant-data-tables-2024-to-2025/rose-bruford-college-of-theatre-and-performance/grant-data-tables,3865
2024-25,royal-academy-of-dramatic-art,https://funding.re.ukri.org/files/download/grant-data-tables-2024-to-2025/royal-academy-of-dramatic-art/grant-data-tables,3257
2024-25,royal-academy-of-music,https://funding.re.ukri.org/files/download/grant-data-tables-2024-to-2025/royal-academy-of-music/grant-data-tables,3348
2024-25,royal-agricultural-university,https://funding.re.ukri.org/files/download/grant-data-tables-2024-to-2025/royal-agricultural-university/grant-data-tables,3699
2024-25,royal-central-school-of-speech-and-drama,https://funding.re.ukri.org/files/download/grant-data-tables-2024-to-2025/royal-central-school-of-speech-and-drama/grant-data-tables,3914
2024-25,royal-college-of-art,https://funding.re.ukri.org/files/download/grant-data-tables-2024-to-2025/royal-college-of-art/grant-data-tables,3498
2024-25,royal-college-of-music,https://funding.re.ukri.org/files/download/grant-data-tables-2024-to-2025/royal-college-of-music/grant-data-tables,3517
2024-25,royal-holloway-university-of-london,https://funding.re.ukri.org/files/download/grant-data-tables-2024-to-2025/royal-holloway-university-of-london/grant-data-tables,6624
2024-25,royal-northern-college-of-music,https://funding.re.ukri.org/files/download/grant-data-tables-2024-to-2025/royal-northern-college-of-music/grant-data-tables,3717
2024-25,royal-veterinary-college,https://funding.re.ukri.org/files/download/grant-data-tables-2024-to-2025/royal-veterinary-college/grant-data-tables,3644
2024-25,salford,https://funding.re.ukri.org/files/download/grant-data-tables-2024-to-2025/salford/grant-data-tables,4612
2024-25,school-of-oriental-and-african-studies,https://funding.re.ukri.org/files/download/grant-data-tables-2024-to-2025/school-of-oriental-and-african-studies/grant-data-tables,5656
2024-25,sheffield,https://funding.re.ukri.org/files/download/grant-data-tables-2024-to-2025/sheffield/grant-data-tables,6570
2024-25,sheffield-hallam-university,https://funding.re.ukri.org/files/download/grant-data-tables-2024-to-2025/sheffield-hallam-university/grant-data-tables,5585
2024-25,solent-university,https://funding.re.ukri.org/files/download/grant-data-tables-2024-to-2025/solent-university/grant-data-tables,3438
2024-25,southampton,https://funding.re.ukri.org/files/download/grant-data-tables-2024-to-2025/southampton/grant-data-tables,6580
2024-25,st-marys-university-twickenham-london,https://funding.re.ukri.org/files/download/grant-data-tables-2024-to-2025/st-marys-university-twickenham-london/grant-data-tables,4398
2024-25,staffordshire-university,https://funding.re.ukri.org/files/download/grant-data-tables-2024-to-2025/staffordshire-university/grant-data-tables,4350
2024-25,suffolk,https://funding.re.ukri.org/files/download/grant-data-tables-2024-to-2025/suffolk/grant-data-tables,3042
2024-25,sunderland,https://funding.re.ukri.org/files/download/grant-data-tables-2024-to-2025/sunderland/grant-data-tables,4226
2024-25,surrey,https://funding.re.ukri.org/files/download/grant-data-tables-2024-to-2025/surrey/grant-data-tables,5026
2024-25,sussex,https://funding.re.ukri.org/files/download/grant-data-tables-2024-to-2025/sussex/grant-data-tables,6291
2024-25,teesside-university,https://funding.re.ukri.org/files/download/grant-data-tables-2024-to-2025/teesside-university/grant-data-tables,3938
2024-25,the-place,https://funding.re.ukri.org/files/download/grant-data-tables-2024-to-2025/the-place/grant-data-tables,2738
2024-25,trinity-laban-conservatoire-of-music-and-dance,https://funding.re.ukri.org/files/download/grant-data-tables-2024-to-2025/trinity-laban-conservatoire-of-music-and-dance/grant-data-tables,4128
2024-25,ucl,https://funding.re.ukri.org/files/download/grant-data-tables-2024-to-2025/ucl/grant-data-tables,7794
2024-25,uclan,https://funding.re.ukri.org/files/download/grant-data-tables-2024-to-2025/uclan/grant-data-tables,5411
2024-25,uea,https://funding.re.ukri.org/files/download/grant-data-tables-2024-to-2025/uea/grant-data-tables,5933
2024-25,university-for-the-creative-arts,https://funding.re.ukri.org/files/download/grant-data-tables-2024-to-2025/university-for-the-creative-arts/grant-data-tables,3618
2024-25,uwe,https://funding.re.ukri.org/files/download/grant-data-tables-2024-to-2025/uwe/grant-data-tables,4693
2024-25,warwick,https://funding.re.ukri.org/files/download/grant-data-tables-2024-to-2025/warwick/grant-data-tables,6084
2024-25,west-london,https://funding.re.ukri.org/files/download/grant-data-tables-2024-to-2025/west-london/grant-data-tables,4064
2024-25,westminster,https://funding.re.ukri.org/files/download/grant-data-tables-2024-to-2025/westminster/grant-data-tables,5199
2024-25,winchester,https://funding.re.ukri.org/files/download/grant-data-tables-2024-to-2025/winchester/grant-data-tables,4419
2024-25,wolverhampton,https://funding.re.ukri.org/files/download/grant-data-tables-2024-to-2025/wolverhampton/grant-data-tables,5303
2024-25,worcester,https://funding.re.ukri.org/files/download/grant-data-tables-2024-to-2025/worcester/grant-data-tables,4376
2024-25,york,https://funding.re.ukri.org/files/download/grant-data-tables-2024-to-2025/york/grant-data-tables,6104
2024-25,york-st-john-university,https://funding.re.ukri.org/files/download/grant-data-tables-2024-to-2025/york-st-john-university/grant-data-tables,4593
